app_id,app_name,sentiment,review_original,review_tokenized,timestamp
412830,STEINS;GATE,positive,spike chunsoft사의 제로딜레마시리즈와 ai 다음으로 플레이했다. 제로딜레마에서 ai로 넘어갈수록 점점 게임플레이요소가 적어지더니 슈타게에서는 게임플레이요소가 그냥 사라지고 그냥 한 권의 책이 되었다. 솔직히 에피소드 5까지는 지루해서 중간중간 유튭이나보고 읽다가 잠자기도하다보니 플레이타임 60시간이 넘었다. 물론 이후부터는 가슴이 웅장해진다..,spike chunsoft 사의 제로 딜레마 시리즈 와 ai 다음 으로 플레이 했다 . 제로 딜레마 에서 ai 로 넘어갈수록 점점 게임 플레이 요소 가 적어지더니 슈타게 에서는 게임 플레이 요소 가 그냥 사라지고 그냥 한 권 의 책 이 되었다 . 솔직히 에피소드 5 까지는 지루해서 중간 중간 유튭 이나 보고 읽다가 잠자기 도하 다 보니 플레이 타임 60시간 이 넘었다 . 물론 이후 부터는 가슴 이 웅장 해진다 ..,2021-01-19 22:42:45
412830,STEINS;GATE,positive,아아ㅡ... 왜어를 배워두었던건 이 게임과 만나기 위한.. ㅡ 필연이었다.,아아 ㅡ ... 왜어 를 배워 두었던건 이 게임 과 만나기 위 한 .. ㅡ 필연 이었다 .,2021-01-17 17:19:31
412830,STEINS;GATE,positive,한글지원이 안되도 어떻게 의역떄리면서 하면 그래도 이해되고 넘어가네용.. 한글화기원합니다 ㅠㅜㅜㅠ,한글 지원이 안되도 어떻게 의역 떄리면서 하면 그래도 이해 되고 넘어가네용 .. 한글 화기 원합니다 ㅠㅜㅜㅠ,2021-01-05 22:26:48
412830,STEINS;GATE,positive,"스토리가 정말 예술. 시간여행이라는 소재를 좋아해서 이것저것 해봤지만, 의심의 여지 없이 스토리는 이 게임이 원톱. 볼륨감도 엄청나서 정가주고 사도 전혀 아깝지 않은 게임입니다. 진엔딩 봤을때의 감동이ㅠㅠ 아무 때나 저장할 수 있는 것도 플러스 요인이네요. 물론 이런 단점들도 있습니다. 리뷰에서 하도 명작이라고 하길래 그냥 사전 찾아가며 영어로 즐겼지만, 그럼에도 한글 지원이 없는 건 정말 아쉽네요. 5장 전반부까지는 이후 스토리 진행을 위한 케릭터 소개, 세계관 설명, 떡밥 투척이 이루어지는데, 이게 짧지도 않은데다 케릭터들간의","스토리 가 정말 예술 . 시간여행 이라는 소재 를 좋아해서 이 것 저 것 해봤지만 , 의심 의 여지 없이 스토리 는 이 게임 이 원 톱 . 볼륨 감도 엄청나서 정가 주고 사도 전혀 아깝지 않은 게임 입니다 . 진 엔딩 봤을 때 의 감동 이 ㅠㅠ 아무 때 나 저장 할 수 있는 것 도 플러스 요인 이네 요 . 물론 이런 단점 들 도 있습니다 . 리뷰 에서 하도 명작 이라고 하길래 그냥 사전 찾아가며 영어 로 즐겼지만 , 그럼에도 한글 지원이 없는 건 정말 아쉽네요 . 5 장 전 반 부 까지는 이후 스토리 진행 을 위 한 케릭 터 소개 , 세계관 설명 , 떡밥 투척 이 이루어지는데 , 이 게 짧지도 않은데다 케릭 터들 간의",2020-12-07 05:55:30
412830,STEINS;GATE,positive,강제로 영어 공부 good,강제 로 영어 공부 good,2020-12-03 16:49:36
412830,STEINS;GATE,positive,진 엔딩은 공략 보지않고서는 힘들다. 애니보고 원작인 이 게임을 하기위해 일본어를 꾸준히 공부했지. 8년 걸쳐 안본뇌 만들고 플레이했다. 정말 재밌다. 20년쯤 뒤에 다시해야지,진 엔딩 은 공략 보지 않고서는 힘들다 . 애니 보고 원작 인 이 게임 을 하기 위해 일본어 를 꾸준히 공부 했지 . 8년 걸쳐 안 본 뇌 만들고 플레이 했다 . 정말 재밌다 . 20년 쯤 뒤 에 다시 해야지,2020-12-02 01:02:02
412830,STEINS;GATE,positive,명작,명작,2020-11-29 22:26:35
412830,STEINS;GATE,positive,영어가 가능하다면 추천,영어 가 가능하다면 추천,2020-11-16 00:09:49
412830,STEINS;GATE,positive,애니를 먼저 봤는데도 겜이 더 재밌을 수가 있네,애니 를 먼저 봤는데도 겜 이 더 재밌을 수가 있네,2020-10-23 11:03:42
412830,STEINS;GATE,positive,한글화 나왔으면...,한글화 나왔으면 ...,2020-10-21 13:59:35
412830,STEINS;GATE,positive,크리스 사랑해,크리스 사랑 해,2020-10-08 00:23:18
412830,STEINS;GATE,positive,엘... 프사이... 콩그루...,엘 ... 프사이 ... 콩 그루 ...,2020-10-03 22:40:45
412830,STEINS;GATE,positive,모트는 인식률이 심각하게 낮고 이지트랜스는 인식도 못하고.. 최악이네... 그냥 타이틀에서 노래나 열심히 들어야겠다. 이미 애니를 보긴 했지만 내 영어 실력으로 게임 세계관을 완전히 이해하는게 될지 모르겠다.,모트 는 인식 률 이 심각하게 낮고 이 지 트랜스 는 인식 도 못 하고 .. 최악 이네 ... 그냥 타이틀 에서 노래 나 열심히 들어야겠다 . 이미 애니 를 보긴 했지만 내 영어 실력 으로 게임 세계관 을 완전히 이해 하는게 될지 모르겠다 .,2020-08-05 07:30:16
412830,STEINS;GATE,positive,"[h1]??? : '엘 프사이 콩그루'가 뭔 뜻이냐?[/h1] 매드 사이언티스트를 자처하는 중2병 환자가 우연한 발명과 실험으로 이런저런 역경을 겪다가 결국 세계를 속이는 데 성공하고야 마는 명작 비주얼노벨. 가장 큰 장점은 역시나 스토리. 초반부만 넘어가면 쉴틈없이 집중하게 만드니 대단하네요. 가급적 다른 캐릭터 엔딩을 모두 보고 진엔딩 루트로 가시길.. 휴대폰 문자, 전화의 활용과 캐릭터 디자인도 신선합니다. 가장 큰 문제는 역시나 언어의 압박. 줄창 읽는 장르이다보니 부담이 큰 편입니다. 근데 플스나 비타나 아이폰은 한글","[ h 1 ]??? : ' 엘 프사이 콩 그루 ' 가 뭔 뜻 이냐 ?[/ h 1 ] 매드 사이 언 티스 트 를 자처 하는 중 2 병 환자 가 우연 한 발명 과 실험 으로 이런저런 역경 을 겪다가 결국 세계 를 속이는 데 성공 하고야 마는 명작 비주 얼 노벨 . 가장 큰 장점 은 역시 나 스토리 . 초반 부 만 넘어가면 쉴 틈 없이 집중 하게 만드니 대단하네요 . 가급적 다른 캐릭터 엔딩 을 모두 보고 진 엔딩 루트 로 가시길 .. 휴대폰 문자 , 전화 의 활용 과 캐릭터 디자인 도 신선합니다 . 가장 큰 문제 는 역시 나 언어 의 압박 . 줄창 읽는 장르 이다 보니 부담 이 큰 편입 니 다 . 근데 플스 나 비타 나 아이폰 은 한글",2020-08-05 02:02:27
412830,STEINS;GATE,positive,"-호- 1. 몰입감넘치는 스토리 2. 다양한 선택지와 분기점, 엔딩들 3. 커여운 일러스트 -불호- 1. 유저한글화조차 없음. 2. 영어와 일본어만 듣고 이해하기엔 힘든 스토리 3. 결국 공략법을 검색하게 만드는 트루엔딩루트 돈많은 개돼지가 아니면 샀다가 후회함","- 호 - 1 . 몰입 감 넘치는 스토리 2 . 다양한 선택 지 와 분기점 , 엔딩 들 3 . 커 여운 일러스트 - 불호 - 1 . 유저 한글화 조차 없음 . 2 . 영어 와 일본어 만 듣고 이해 하기엔 힘든 스토리 3 . 결국 공략 법 을 검색 하게 만드는 트루 엔딩 루트 돈 많은 개돼지 가 아니면 샀다가 후회 함",2020-06-24 14:28:53
412830,STEINS;GATE,positive,"2011년에 애니메이션으로 접한 뒤 약 9년 만에 플레이하게 된 원작 게임. 많은 시간이 지났음에도 그 재미가 여전한 건 그만큼 작품이 잘 만들어졌다는 증거로 보인다. 시간 여행이라는 매력적인 소재와 꼼꼼한 과학적 설명, 처절했던 주인공의 사투 등 이 작품은 분명 칭찬할 요소가 많다. 특히 비주얼 노벨은 시나리오가 재미없으면 쉽게 지루해질 수 있는데, 슈타인즈 게이트는 그러는 일 없이 흥미진진한 스토리를(뒤로 갈수록 더욱) 풀어나가고 있었다. 이런 작품이 공식적으로 한글화 되지 못하고 국내 대중의 관심 밖에 놓였다는 점이 심","2011년 에 애니메이션 으로 접 한 뒤 약 9년 만에 플레이 하게 된 원작 게임 . 많은 시간 이 지났음에도 그 재미 가 여전한 건 그만큼 작품 이 잘 만들어졌다는 증거 로 보인다 . 시간 여행 이라는 매력 적 인 소재 와 꼼꼼한 과학 적 설명 , 처절했던 주인공 의 사투 등 이 작품 은 분명 칭찬 할 요소 가 많다 . 특히 비주 얼 노벨 은 시나리오 가 재미없으면 쉽게 지루해질 수 있는데 , 슈타인 즈 게이트 는 그러는 일 없이 흥미진진 한 스토리 를 ( 뒤 로 갈수록 더욱 ) 풀어 나가고 있었다 . 이런 작품 이 공식 적 으로 한글화 되지 못 하고 국내 대중 의 관심 밖에 놓였다는 점 이 심",2020-05-22 01:26:02
412830,STEINS;GATE,positive,스팀판은 한국어를 지원하지 않는 것도 슈타인즈 게이트의 선택이다.,스팀 판 은 한국어 를 지원 하지 않는 것 도 슈타인 즈 게이트 의 선택 이다 .,2020-04-23 20:39:08
412830,STEINS;GATE,positive,el psy kongroo,el psy kongroo,2020-03-28 11:48:59
412830,STEINS;GATE,positive,이 게임이 라이브러리에 있다 = 오타쿠 이 게임은 명작이다 = 오타쿠 나 = 오타쿠 엘 프사이 콩가리...,이 게임 이 라이브러리 에 있다 = 오타쿠 이 게임 은 명작 이다 = 오타쿠 나 = 오타쿠 엘 프사이 콩가 리 ...,2020-02-12 07:10:37
412830,STEINS;GATE,positive,"'사랑하는 사람을 지키기 위해 시간을 뛰어넘는다' 라고 요약할 수 있는 작품입니다. 안타깝게도 스팀 버전은 한글패치가 존재하지 않으나, 수능등급3등급 이상의 분들은 가끔 사전만 뒤진다면 스토리 진행에 아무런 어려움이 없을 것으로 예상합니다. 매력적인 캐릭터들과 흡입력 좋은 스토리, 타임리프가 윤리적으로 과연 옳은일인지 에대해 곰곰히 생각해보게 하는 주제의식등 단순한 비주얼 노벨과는 다른 부분이 있습니다. 상당한 수작이므로 추천하는 바 입니다.","' 사랑 하는 사람 을 지키기 위해 시간 을 뛰어넘는다 ' 라고 요약 할 수 있는 작품 입니다 . 안타깝게도 스팀 버전 은 한글패치 가 존재 하지 않으나 , 수능 등급 3등 급 이상 의 분 들 은 가끔 사전 만 뒤진다면 스토리 진행 에 아무런 어려움 이 없을 것 으로 예상 합니다 . 매력 적 인 캐릭터 들 과 흡입 력 좋은 스토리 , 타임 리프 가 윤리 적 으로 과연 옳은 일 인지 에 대해 곰곰히 생각 해보게 하는 주제 의식 등 단순한 비주 얼 노벨 과는 다른 부분 이 있습니다 . 상당한 수작 이 므 로 추천 하는 바 입니다 .",2020-02-07 18:48:56
412830,STEINS;GATE,positive,일본어 공부 ㄱ,일본어 공부 ㄱ,2019-12-12 20:46:00
412830,STEINS;GATE,positive,인생 그 자체,인생 그 자체,2019-12-01 11:06:56
412830,STEINS;GATE,positive,비주얼 노블류 중에서 1순위로 추천하는 겜. 치밀하게 짜여진 감동적인 스토리. 스토리 깨다가 눈물 흘림ㅠㅠ,비주 얼 노블 류 중 에서 1 순위 로 추천 하는 겜 . 치밀하게 짜여진 감동 적 인 스토리 . 스토리 깨다가 눈물 흘림 ㅠㅠ,2019-12-01 08:52:48
412830,STEINS;GATE,positive,"할인하기만을 기다렸으나, 언어의 장벽을 넘지 못해 환불함.....","할인 하기만을 기다렸으나 , 언어 의 장벽 을 넘지 못 해 환불 함 .....",2019-10-18 22:18:24
412830,STEINS;GATE,positive,엘.프사이.콩그루,엘 . 프사이 . 콩 그루,2019-07-07 16:20:35
412830,STEINS;GATE,positive,엘 프사이 콩국수,엘 프사이 콩국수,2019-06-30 12:40:02
412830,STEINS;GATE,positive,왜 심리학과 학생이 물리학을 아는 건지는 모르겠다.,왜 심리학 과 학생 이 물리학 을 아는 건지는 모르겠다 .,2019-06-29 18:07:10
412830,STEINS;GATE,positive,영어 독해와 일본어 청해를 동시에 학습할 수 있는 갓-겜,영어 독해 와 일본어 청해 를 동시 에 학습 할 수 있는 갓 - 겜,2019-06-05 22:26:34
412830,STEINS;GATE,positive,회선불안정으로 인해 글이 ê¸€ì„ë‚¨ ì2018•—년ì‘北ㆍ美간 사건으로 2020년핵전쟁발韬鶑생 원인파 ì악ìã불wheue가 D메일전송ì‘ì•‡ã†ì§신€ê¸ã…히ㅑㄴ한계2018/4/22 미래를 ì‘바ì§€ê꾸¸ã…ㅈ 말b///// 과거를 ì†속ì§여€…. 미래가바ì•—ì‘뀔때?罹劇?글도ㅂㅏㄲㅟㅁㅅ̴̢̧̧̛̖̖̗̱̰̫̭̹̹̱̼̯̬̼̼͓̭̱̼͉̼̯͕͓͚͔̖͉̱̙͉̱̦̜͙̼͍̖͖̄̌̆͜ㅅ̷̢̧̨̡̧̡͎̣̼̪̻̦̫̩͙̟̯̺̞͚͕̥̯̣͖̘̫̺̜͔̘̬̜͓̤̯͕̻̥̯̙̱̱̩̟̯̙̞̙̬̮̤̘̜͖̍̏͘ͅͅͅㅅ̴̧̧̨̧̨̢̢̧̨̛̘͓,회 선불 안정 으로 인해 글 이 ê¸€ì„ë‚¨ ì 2018 •— 년 ì‘北ㆍ美 간 사건 으로 2020년 핵전쟁발韬鶑 생 원 인파 ì 악 ìã 불 wheue 가 D 메일 전송 ì‘ì•‡ã†ì§ 신 €ê¸ã … 히 ㅑㄴ 한계 2018/4 / 22 미래 를 ì‘ 바 ì§€ê 꾸 ¸ã … ㅈ 말 b ///// 과거 를 ì† 속 ì§ 여 € …. 미래 가바 ì•—ì‘ 뀔때 ? 罹劇 ? 글 도 ㅂㅏㄲㅟㅁㅅ ̴̢̧̧̛̖̖̗̱̰̫̭̹̹̱̼̯̬̼̼͓̭̱̼͉̼̯͕͓͚͔̖͉̱̙͉̱̦̜͙̼͍̖͖̄̌̆͜ ㅅ ̷̢̧̨̡̧̡͎̣̼̪̻̦̫̩͙̟̯̺̞͚͕̥̯̣͖̘̫̺̜͔̘̬̜͓̤̯͕̻̥̯̙̱̱̩̟̯̙̞̙̬̮̤̘̜͖̍̏͘ͅͅͅ ㅅ ̴̧̧̨̧̨̢̢̧̨̛̘͓,2019-01-04 19:05:27
412830,STEINS;GATE,positive,El Psy Congroo,El Psy Congroo,2018-11-26 20:48:53
412830,STEINS;GATE,positive,갓-겜,갓 - 겜,2018-11-22 16:45:54
412830,STEINS;GATE,positive,왜 이런겜들은 사놓고 잘 안했지?,왜 이런 겜 들 은 사놓고 잘 안 했지 ?,2018-11-22 10:35:12
412830,STEINS;GATE,positive,EL PSY CONGROO. 안사면 후회합니다.,EL PSY CONGROO . 안사면 후회 합니다 .,2018-11-08 02:15:15
412830,STEINS;GATE,positive,영어.... 한글화좀 쩨발 소설로 모든시리즈 봐서 그나마 이해 가능.,영어 .... 한글화 좀 쩨발 소설 로 모든 시리즈 봐서 그나마 이해 가능 .,2018-08-18 15:04:51
412830,STEINS;GATE,positive,이 게임 재밋지,이 게임 재밋 지,2018-08-17 23:06:07
412830,STEINS;GATE,positive,한글 십압,한글 십압,2018-08-17 07:44:51
412830,STEINS;GATE,positive,한글화 되기 전까지 숨 참습니다! 흐읍! 켘켘,한글화 되기 전 까지 숨 참습니다 ! 흐읍 ! 켘켘,2018-07-28 21:32:37
412830,STEINS;GATE,positive,이런 명작을 이제서야 알다니 인생 절반 손해봤어~!,이런 명작 을 이제 서야 알다 니 인생 절반 손 해봤어 ~!,2018-07-07 16:24:48
412830,STEINS;GATE,positive,한글패치 당연히 되는줄알고 사놓고 방치해놨었는데 없네 한글화 해줘 우익 시발놈들아 ㅠㅠㅠㅠㅠ,한글패치 당연히 되는줄 알 고 사놓고 방치 해놨었는데 없네 한글화 해줘 우익 시발 놈 들 아 ㅠㅠㅠㅠㅠ,2018-05-26 22:32:09
412830,STEINS;GATE,positive,인생겜,인생 겜,2018-04-19 20:57:10
412830,STEINS;GATE,positive,엘프 싸이 콩가루,엘프 싸이 콩가루,2018-03-07 21:10:02
412830,STEINS;GATE,positive,엘 프 사이 콩 가루,엘 프 사이 콩 가루,2018-02-24 03:19:52
412830,STEINS;GATE,positive,"시간 여행의 딜레마라는 소재를 감동적으로 풀어낸 SF 비주얼 노벨 개인적으로 비주얼 노벨 장르를 좋아하지 않음에도 불구하고 인상깊게 한 작품이다. 2009년에 처음 출시되었지만 2018년 현재에도 울궈먹어지고 있는 비범한 [strike]사골[/strike]게임 탄탄한 스토리 하나는 확실히 고평가 받을 만하다. 다만 챕터 5, 작중 시간 8월 13일에 다다르기까지 하는거라곤 떡밥 뿌리기밖에 없어서 초반부 스토리 전개가 지루하다. 명작이라는 말을 듣지 못했다면 도중에 지겨워서 그만뒀을 듯 초반부에 좀 바보같은 개그가 많이 나오는데","시간 여행 의 딜레마 라는 소재 를 감동 적 으로 풀어 낸 SF 비주 얼 노벨 개인 적 으로 비주 얼 노벨 장르 를 좋아하지 않음에도 불구 하고 인상 깊게 한 작품 이다 . 2009년 에 처음 출시 되었지만 2018년 현재 에도 울 궈 먹어지고 있는 비범한 [ strike ] 사골 [/ strike ] 게임 탄탄한 스토리 하나 는 확실히 고 평가 받을 만하 다 . 다만 챕 터 5 , 작 중 시간 8월 13일 에 다다르기까지 하는거라곤 떡밥 뿌리 기 밖에 없어서 초반 부 스토리 전개 가 지루하다 . 명작 이라는 말 을 듣지 못 했다면 도중 에 지겨워서 그만뒀을 듯 초반 부 에 좀 바보 같은 개그 가 많이 나오는데",2018-02-18 20:24:54
412830,STEINS;GATE,positive,최고의 게임. 우익 요소따위는 내가 플레이하면서 찾아볼 수 없었다. 애니를 본 사람이라면 무조건 게임을 사서 해보길 바란다.,최고 의 게임 . 우익 요 소 따위 는 내 가 플레이 하면서 찾아볼 수 없었다 . 애니 를 본 사람 이 라면 무조건 게임 을 사서 해보길 바란다 .,2018-01-19 00:54:50
412830,STEINS;GATE,positive,"한글화해주새오,,,,,,","한글화 해주 새오 ,,,,,,",2018-01-10 19:31:04
412830,STEINS;GATE,positive,그래서 한국어 언제 지원함 내가 이거 작년에 다운받았는데 그때 한국인이 번역하는거 우리가 할테니까 하지말라고 했다는데 아직도 안됨? --2018 0306 수정-- 아아.... 영어든 일본어든 상관없었다... 그것은 그저 슈타인즈 게이트의 선택... 건투를 빈다. 엘 프사이 콩그루.,그래서 한국어 언제 지 원함 내 가 이 거 작년 에 다운 받았는데 그때 한국인 이 번역 하는거 우리 가 할테니까 하지말라고 했다는데 아직도 안됨 ? -- 2018 0306 수정 -- 아아 .... 영어 든 일본어 든 상관없었다 ... 그것 은 그저 슈타인 즈 게이트 의 선택 ... 건투 를 빈다 . 엘 프사이 콩 그루 .,2018-01-03 15:45:00
412830,STEINS;GATE,positive,wow.,wow .,2017-12-30 18:37:39
412830,STEINS;GATE,positive,비쥬얼 노블 / sf 소재를 통한 창의적인 스토리,비쥬 얼 노블 / sf 소재 를 통한 창의 적 인 스토리,2017-12-02 10:03:09
412830,STEINS;GATE,positive,"명작이다 갓겜이다 엄청난 스케일,몰입도,스토리 팬티5장 옆에두고 플레이해도 부족할만큼 지린다 한글패치가 없다 하지만 이것도 슈타인즈게이트의 선택인것인가 엘 프사이 콩그루","명작 이다 갓 겜 이다 엄청난 스케일 , 몰입도 , 스토리 팬티 5 장 옆 에두 고 플레이 해도 부족할만큼 지 린다 한글패치 가 없다 하지만 이 것 도 슈타인즈게이트 의 선택 인 것 인가 엘 프사이 콩 그루",2017-07-04 23:09:43
412830,STEINS;GATE,positive,재밌으나 한국어 패치가 없으므로 영어나 일어에 자신있는분만 추천함,재밌으나 한국어 패치 가 없으므로 영어 나 일어 에 자신있는 분만 추천 함,2017-03-16 22:14:54
412830,STEINS;GATE,positive,퍄퍄 갓-슈타게,퍄퍄 갓 - 슈타게,2017-03-14 11:01:19
412830,STEINS;GATE,positive,"일본어 자막으로 하고 싶으신 분들은 라이브러리 내에 있는 슈타인즈 게이트를 오른쪽 클릭하여 나오는 창에 있는 속성을 클릭, 그곳에서 언어 탭을 누른뒤 영어를 일본어로 변경하시면 됩니다. 그럼, 건투를 빕니다. 엘. 프사이. 콩그루.","일본어 자막 으로 하고 싶으신 분 들 은 라이브러리 내 에 있는 슈타인 즈 게이트 를 오른쪽 클릭 하여 나오는 창 에 있는 속성 을 클릭 , 그 곳 에서 언어 탭 을 누른 뒤 영어 를 일본어 로 변경 하시면 됩니다 . 그럼 , 건투 를 빕니다 . 엘 . 프사이 . 콩 그루 .",2017-01-03 16:39:58
412830,STEINS;GATE,positive,엘..프사이..콩그루,엘 .. 프사이 .. 콩 그루,2016-10-17 01:04:21
412830,STEINS;GATE,positive,이것이 슈타인즈 게이트의 선택. 엘...프사이...콩그루,이 것 이 슈타인 즈 게이트 의 선택 . 엘 ... 프사이 ... 콩 그루,2016-10-11 22:18:48
412830,STEINS;GATE,positive,모든것은 슈타인즈 게이트의 선택 + 좋은 스토리 + 긴 플레이 타임 + 메세지 및 폰 콜 시스템 + 좋은 CG - 스토리가 너무 방대해서 정신놓은 상태에서 하면 스토리 잊을 가능성 있음 -- 개발사가 우익,모든 것 은 슈타인 즈 게이트 의 선택 + 좋은 스토리 + 긴 플레이 타임 + 메세지 및 폰 콜 시스템 + 좋은 CG - 스토리 가 너무 방대해서 정신 놓은 상태 에서 하면 스토리 잊을 가능성 있음 -- 개발 사가 우익,2016-09-19 12:42:24
412830,STEINS;GATE,positive,"뚜뜨루~ - 마유리 엘..프사이...콩그루... - 오카베 ㅍ..포크를 원하는걸 어떻게 알았지...?!- 크리스 페이리스 사마다냥~! - 페이리스 ㅇ..엘 프사이...코..콩가리...? - 루카 다루 : 마키세 씨, 마키세 씨... 크리스 : 하이? 다루 : 변태의 바나나 같은 거 먹겠냐고.. 한 번 더 부탁할 수 있나? *****할 수 있으면 분한 표정으로***** 크리스 : 분한? 다루 : 응 크리스 :....?! 오카베 : 뭘 얼굴 붉히고 있지? 혹시 뭔가를 상상했나? 말해 봐, 천재소녀~ 천재가 뭘 상상했는지...","뚜뜨루 ~ - 마 유리 엘 .. 프사이 ... 콩 그루 ... - 오 카베 ㅍ .. 포크 를 원하는걸 어떻게 알았지 ...?!- 크리스 페이 리스 사마 다 냥 ~! - 페이 리스 ㅇ .. 엘 프사이 ... 코 .. 콩가 리 ...? - 루카 다루 : 마 키세 씨 , 마 키세 씨 ... 크리스 : 하이 ? 다루 : 변태 의 바나나 같은 거 먹겠냐고 .. 한 번 더 부탁 할 수 있나 ? ***** 할 수 있으면 분한 표정 으로 ***** 크리스 : 분한 ? 다루 : 응 크리스 :....?! 오 카베 : 뭘 얼굴 붉히고 있지 ? 혹시 뭔가 를 상상 했나 ? 말 해 봐 , 천재 소녀 ~ 천재 가 뭘 상상 했는지 ...",2016-09-11 00:38:00
412830,STEINS;GATE,positive,아 일어 음성에 영어 텍스트구나... 일어 텍스트가 없어... 는 무슨 내가 스팀알못이었을뿐 ㅋㅋ,아 일어 음성 에 영어 텍스트 구나 ... 일어 텍스트 가 없어 ... 는 무슨 내 가 스팀 알못이었을 뿐 ㅋㅋ,2016-09-10 11:24:02
412830,STEINS;GATE,positive,"후우- 하하하하하?! 슈타인즈 게이트 제로를 기다리고 있던 마당에 원작이 pc로 나올줄이야. 칫.. 기관들의 시간끌기인가... 그러나 난 이쯤에서 만족해 주도록하지 이미 난 pc버전으로 나왔단것이 행복하다. 그런데 역시 살짝 실망감이 있다 싶을까- 오카베 린타로 (자칭 호오인 쿄마)의 웃는게 많이 달라진듯 하지만, 원작이 게임이니 이건 어쩔수 없다만.. 영문버전으로 문자를 치는게 좀 어색하다 게다가 자막 싱크도 살짝 안맞고 그래도 난 만족한다. 왜냐 물으신다면, 훗. 슈타게니까 팬텀브레이커로 밖에 보지못한 마키세 크리스를 이렇게","후우 - 하하 하하 하 ?! 슈타인 즈 게이트 제로 를 기다리고 있던 마당 에 원작 이 pc 로 나올줄이야 . 칫 .. 기관 들 의 시간 끌 기인 가 ... 그러나 난 이쯤 에서 만족해 주 도록 하 지 이미 난 pc 버전 으로 나왔 단것 이 행복하다 . 그런데 역시 살짝 실망 감 이 있다 싶을까 - 오 카베 린타로 ( 자칭 호 오인 쿄마 ) 의 웃는게 많이 달라진듯 하지만 , 원작 이 게임 이니 이건 어쩔 수 없다만 .. 영 문 버전 으로 문자 를 치는게 좀 어색하다 게다가 자막 싱크 도 살짝 안 맞고 그래도 난 만족한다 . 왜 냐 물으 신다면 , 훗 . 슈타게 니까 팬텀 브레이커 로 밖에 보지못한 마 키세 크리스 를 이렇게",2016-09-09 17:22:46
